<?xml version="1.0" encoding="UTF-8"?>
<GenRun Id="impl_1" LaunchPart="xc7a35tcpg236-1" LaunchTime="1513511607">
  <File Type="PWROPT-DRC" Name="game_drc_pwropted.rpt"/>
  <File Type="OPT-METHODOLOGY-DRC" Name="game_methodology_drc_opted.rpt"/>
  <File Type="INIT-TIMING" Name="game_timing_summary_init.rpt"/>
  <File Type="ROUTE-PWR-RPX" Name="game_power_routed.rpx"/>
  <File Type="PA-TCL" Name="game.tcl"/>
  <File Type="OPT-HWDEF" Name="game.hwdef"/>
  <File Type="RDI-RDI" Name="game.vdi"/>
  <File Type="OPT-DCP" Name="game_opt.dcp"/>
  <File Type="OPT-DRC" Name="game_drc_opted.rpt"/>
  <File Type="OPT-TIMING" Name="game_timing_summary_opted.rpt"/>
  <File Type="PWROPT-DCP" Name="game_pwropt.dcp"/>
  <File Type="PWROPT-TIMING" Name="game_timing_summary_pwropted.rpt"/>
  <File Type="PLACE-DCP" Name="game_placed.dcp"/>
  <File Type="PLACE-IO" Name="game_io_placed.rpt"/>
  <File Type="PLACE-CLK" Name="game_clock_utilization_placed.rpt"/>
  <File Type="PLACE-UTIL" Name="game_utilization_placed.rpt"/>
  <File Type="PLACE-UTIL-PB" Name="game_utilization_placed.pb"/>
  <File Type="PLACE-CTRL" Name="game_control_sets_placed.rpt"/>
  <File Type="PLACE-SIMILARITY" Name="game_incremental_reuse_placed.rpt"/>
  <File Type="PLACE-PRE-SIMILARITY" Name="game_incremental_reuse_pre_placed.rpt"/>
  <File Type="PLACE-TIMING" Name="game_timing_summary_placed.rpt"/>
  <File Type="POSTPLACE-PWROPT-DCP" Name="game_postplace_pwropt.dcp"/>
  <File Type="POSTPLACE-PWROPT-TIMING" Name="game_timing_summary_postplace_pwropted.rpt"/>
  <File Type="PHYSOPT-DCP" Name="game_physopt.dcp"/>
  <File Type="PHYSOPT-DRC" Name="game_drc_physopted.rpt"/>
  <File Type="PHYSOPT-TIMING" Name="game_timing_summary_physopted.rpt"/>
  <File Type="ROUTE-ERROR-DCP" Name="game_routed_error.dcp"/>
  <File Type="ROUTE-DCP" Name="game_routed.dcp"/>
  <File Type="ROUTE-BLACKBOX-DCP" Name="game_routed_bb.dcp"/>
  <File Type="ROUTE-DRC" Name="game_drc_routed.rpt"/>
  <File Type="ROUTE-DRC-PB" Name="game_drc_routed.pb"/>
  <File Type="BG-BIN" Name="game.bin"/>
  <File Type="ROUTE-DRC-RPX" Name="game_drc_routed.rpx"/>
  <File Type="BG-DRC" Name="game.drc"/>
  <File Type="ROUTE-METHODOLOGY-DRC" Name="game_methodology_drc_routed.rpt"/>
  <File Type="BITSTR-MSK" Name="game.msk"/>
  <File Type="ROUTE-METHODOLOGY-DRC-RPX" Name="game_methodology_drc_routed.rpx"/>
  <File Type="BG-BGN" Name="game.bgn"/>
  <File Type="ROUTE-METHODOLOGY-DRC-PB" Name="game_methodology_drc_routed.pb"/>
  <File Type="ROUTE-PWR" Name="game_power_routed.rpt"/>
  <File Type="ROUTE-PWR-SUM" Name="game_power_summary_routed.pb"/>
  <File Type="ROUTE-STATUS" Name="game_route_status.rpt"/>
  <File Type="ROUTE-STATUS-PB" Name="game_route_status.pb"/>
  <File Type="ROUTE-TIMINGSUMMARY" Name="game_timing_summary_routed.rpt"/>
  <File Type="ROUTE-TIMING-PB" Name="game_timing_summary_routed.pb"/>
  <File Type="ROUTE-TIMING-RPX" Name="game_timing_summary_routed.rpx"/>
  <File Type="ROUTE-SIMILARITY" Name="game_incremental_reuse_routed.rpt"/>
  <File Type="ROUTE-CLK" Name="game_clock_utilization_routed.rpt"/>
  <File Type="POSTROUTE-PHYSOPT-DCP" Name="game_postroute_physopt.dcp"/>
  <File Type="POSTROUTE-PHYSOPT-BLACKBOX-DCP" Name="game_postroute_physopt_bb.dcp"/>
  <File Type="POSTROUTE-PHYSOPT-TIMING" Name="game_timing_summary_postroute_physopted.rpt"/>
  <File Type="POSTROUTE-PHYSOPT-TIMING-PB" Name="game_timing_summary_postroute_physopted.pb"/>
  <File Type="POSTROUTE-PHYSOPT-TIMING-RPX" Name="game_timing_summary_postroute_physopted.rpx"/>
  <File Type="BG-BIT" Name="game.bit"/>
  <File Type="BITSTR-RBT" Name="game.rbt"/>
  <File Type="BITSTR-NKY" Name="game.nky"/>
  <File Type="BITSTR-BMM" Name="game_bd.bmm"/>
  <File Type="BITSTR-MMI" Name="game.mmi"/>
  <File Type="BITSTR-SYSDEF" Name="game.sysdef"/>
  <File Type="WBT-USG" Name="usage_statistics_webtalk.html"/>
  <FileSet Name="sources" Type="DesignSrcs" RelSrcDir="$PSRCDIR/sources_1">
    <Filter Type="Srcs"/>
    <File Path="$PPRDIR/../Project_files/Ready_Modules/SevSeg_4digit.sv">
      <FileInfo>
        <Attr Name="UsedIn" Val="synthesis"/>
        <Attr Name="UsedIn" Val="implementation"/>
        <Attr Name="UsedIn" Val="simulation"/>
      </FileInfo>
    </File>
    <File Path="$PSRCDIR/sources_1/new/idle_detector_4bit.sv">
      <FileInfo>
        <Attr Name="UsedIn" Val="synthesis"/>
        <Attr Name="UsedIn" Val="implementation"/>
        <Attr Name="UsedIn" Val="simulation"/>
      </FileInfo>
    </File>
    <File Path="$PPRDIR/../Project_files/Ready_Modules/keypad4X4.sv">
      <FileInfo>
        <Attr Name="UsedIn" Val="synthesis"/>
        <Attr Name="UsedIn" Val="implementation"/>
        <Attr Name="UsedIn" Val="simulation"/>
      </FileInfo>
    </File>
    <File Path="$PSRCDIR/sources_1/new/mapper_module.sv">
      <FileInfo>
        <Attr Name="UsedIn" Val="synthesis"/>
        <Attr Name="UsedIn" Val="implementation"/>
        <Attr Name="UsedIn" Val="simulation"/>
      </FileInfo>
    </File>
    <File Path="$PSRCDIR/sources_1/new/movement_memory.sv">
      <FileInfo>
        <Attr Name="UsedIn" Val="synthesis"/>
        <Attr Name="UsedIn" Val="implementation"/>
        <Attr Name="UsedIn" Val="simulation"/>
      </FileInfo>
    </File>
    <File Path="$PSRCDIR/sources_1/new/negedge_detector.sv">
      <FileInfo>
        <Attr Name="UsedIn" Val="synthesis"/>
        <Attr Name="UsedIn" Val="implementation"/>
        <Attr Name="UsedIn" Val="simulation"/>
      </FileInfo>
    </File>
    <File Path="$PSRCDIR/sources_1/new/posedge_detector.sv">
      <FileInfo>
        <Attr Name="UsedIn" Val="synthesis"/>
        <Attr Name="UsedIn" Val="implementation"/>
        <Attr Name="UsedIn" Val="simulation"/>
      </FileInfo>
    </File>
    <File Path="$PSRCDIR/sources_1/new/rng_4bit.sv">
      <FileInfo>
        <Attr Name="UsedIn" Val="synthesis"/>
        <Attr Name="UsedIn" Val="implementation"/>
        <Attr Name="UsedIn" Val="simulation"/>
      </FileInfo>
    </File>
    <File Path="$PSRCDIR/sources_1/new/seven_segment_logic.sv">
      <FileInfo>
        <Attr Name="UsedIn" Val="synthesis"/>
        <Attr Name="UsedIn" Val="implementation"/>
        <Attr Name="UsedIn" Val="simulation"/>
      </FileInfo>
    </File>
    <File Path="$PSRCDIR/sources_1/new/signal_delayer_1bit.sv">
      <FileInfo>
        <Attr Name="UsedIn" Val="synthesis"/>
        <Attr Name="UsedIn" Val="implementation"/>
        <Attr Name="UsedIn" Val="simulation"/>
      </FileInfo>
    </File>
    <File Path="$PPRDIR/../Project_files/Ready_Modules/stepmotor.sv">
      <FileInfo>
        <Attr Name="UsedIn" Val="synthesis"/>
        <Attr Name="UsedIn" Val="implementation"/>
        <Attr Name="UsedIn" Val="simulation"/>
      </FileInfo>
    </File>
    <File Path="$PPRDIR/../Project_files/Ready_Modules/steppermotor_wrapper.sv">
      <FileInfo>
        <Attr Name="UsedIn" Val="synthesis"/>
        <Attr Name="UsedIn" Val="implementation"/>
        <Attr Name="UsedIn" Val="simulation"/>
      </FileInfo>
    </File>
    <File Path="$PSRCDIR/sources_1/new/game.sv">
      <FileInfo>
        <Attr Name="UsedIn" Val="synthesis"/>
        <Attr Name="UsedIn" Val="implementation"/>
        <Attr Name="UsedIn" Val="simulation"/>
      </FileInfo>
    </File>
    <Config>
      <Option Name="DesignMode" Val="RTL"/>
      <Option Name="TopModule" Val="game"/>
    </Config>
  </FileSet>
  <FileSet Name="constrs_in" Type="Constrs" RelSrcDir="$PSRCDIR/constrs_1">
    <Filter Type="Constrs"/>
    <File Path="$PSRCDIR/constrs_1/new/constraints.xdc">
      <FileInfo>
        <Attr Name="UsedIn" Val="synthesis"/>
        <Attr Name="UsedIn" Val="implementation"/>
      </FileInfo>
    </File>
    <Config>
      <Option Name="ConstrsType" Val="XDC"/>
    </Config>
  </FileSet>
  <Strategy Version="1" Minor="2">
    <StratHandle Name="Vivado Implementation Defaults" Flow="Vivado Implementation 2017"/>
    <Step Id="init_design"/>
    <Step Id="opt_design"/>
    <Step Id="power_opt_design"/>
    <Step Id="place_design"/>
    <Step Id="post_place_power_opt_design"/>
    <Step Id="phys_opt_design"/>
    <Step Id="route_design"/>
    <Step Id="post_route_phys_opt_design"/>
    <Step Id="write_bitstream">
      <Option Id="BinFile">1</Option>
    </Step>
  </Strategy>
</GenRun>
